Target_genes	MAFB|Average	SRX386479|Keratinocytes	SRX359863|LoVo	STRING
CALM1	617.000000	1234	0	0
FAM53C	613.500000	1227	0	0
CDC25C	613.500000	1227	0	0
ZBTB4	613.000000	1226	0	0
POLR2A	613.000000	1226	0	0
TAF4	593.500000	1187	0	0
TOB1	577.000000	1154	0	0
FUS	568.000000	1136	0	0
BAIAP2	544.500000	1089	0	0
MAFB	517.500000	1035	0	0
DDIT4	514.500000	1029	0	0
PRDX1	513.500000	1027	0	0
GADD45B	513.500000	1027	0	0
ZFAND5	508.500000	1017	0	0
ERRFI1	496.500000	993	0	0
SRSF7	490.500000	981	0	0
H1-10	490.000000	980	0	0
TNFSF9	484.500000	969	0	0
ZCWPW1	475.500000	951	0	0
MEPCE	475.500000	951	0	0
SRSF2	473.000000	946	0	0
MFSD11	473.000000	946	0	0
NXF1	467.500000	935	0	0
JUND	467.500000	935	0	0
JUNB	466.500000	933	0	0
FSCN1	463.000000	926	0	0
MAT2A	453.500000	907	0	0
HEXIM1	451.500000	903	0	0
TENT5B	447.500000	895	0	0
SLC7A5	440.500000	881	0	0
BRD2	437.500000	875	0	0
TUBB4B	436.000000	872	0	0
H2AX	425.000000	850	0	0
SOCS1	424.500000	849	0	0
WDR74	419.000000	838	0	0
UBE2S	417.500000	835	0	0
ING1	411.500000	823	0	0
ARL6IP1	407.000000	814	0	0
MKNK2	406.500000	813	0	0
JPT1	406.000000	812	0	0
HNRNPAB	406.000000	812	0	0
IER5	405.000000	810	0	0
EFNB2	404.000000	808	0	0
ZC3H12A	397.000000	794	0	0
ANO10	394.500000	789	0	0
ABHD5	394.500000	789	0	0
RPS12	388.500000	777	0	0
PLK2	385.000000	770	0	0
TPI1	381.500000	763	0	0
CDKN1A	378.000000	756	0	0
CSKMT	376.500000	753	0	0
C11orf98	376.500000	753	0	0
FASN	367.500000	735	0	0
EIF1	366.000000	732	0	0
SKP1	364.000000	728	0	0
MYLIP	363.500000	727	0	0
H3C1	361.000000	722	0	0
PFKFB3	359.500000	719	0	0
ARL15	358.000000	716	0	0
C19orf48	357.000000	714	0	0
HERPUD1	354.000000	708	0	0
OAZ1	353.500000	707	0	0
SRSF3	353.000000	706	0	0
H3-3B	350.000000	700	0	0
SDC4	349.500000	699	0	0
DUSP1	345.000000	690	0	0
SLC20A1	344.500000	689	0	0
INSIG1	344.500000	689	0	0
ZFP36L2	344.000000	688	0	0
H4-16	344.000000	688	0	0
BTG1	341.000000	682	0	0
SELENOK	337.000000	674	0	0
EEF2	337.000000	674	0	0
SQSTM1	333.500000	667	0	0
SLC6A8	333.000000	666	0	0
PNCK	333.000000	666	0	0
GTF2A1	332.000000	664	0	0
ATF3	331.500000	663	0	0
B2M	331.000000	662	0	0
PABPC1	330.500000	661	0	0
PERP	329.500000	659	0	0
SPTAN1	324.500000	649	0	0
RPL12	323.500000	647	0	0
LRSAM1	323.500000	647	0	0
HSPA1B	319.500000	639	0	0
HSP90AB1	313.500000	627	0	0
RHOB	313.000000	626	0	0
H2AC19	311.500000	623	0	0
H2AC18	311.500000	623	0	0
ACTN4	311.000000	622	0	0
NABP1	310.000000	620	0	0
TRAF7	307.000000	614	0	0
ACTB	307.000000	614	0	0
NDRG1	304.000000	608	0	0
H1-4	301.000000	602	0	0
GAPDH	301.000000	602	0	0
FAF2	299.500000	599	0	0
INTS6	299.000000	598	0	0
CYCS	298.000000	596	0	0
SLC2A1	297.000000	594	0	0
HSP90AA1	294.500000	589	0	0
CITED2	294.000000	588	0	0
RNF19B	292.000000	584	0	0
ID2	292.000000	584	0	0
BSG	291.500000	583	0	0
SIRT4	290.500000	581	0	0
SETD5	289.500000	579	0	0
MT1X	289.000000	578	0	0
JUN	288.500000	577	0	0
UBB	287.500000	575	0	0
H4C15	287.500000	575	0	0
H4C14	287.500000	575	0	0
KLF5	286.000000	572	0	0
UBC	284.500000	569	0	0
POLR3D	284.500000	569	0	0
TRNP1	283.500000	567	0	0
ZNFX1	280.500000	561	0	0
AMD1	279.000000	558	0	0
RPS20	277.500000	555	0	0
ATF4	276.000000	552	0	0
IER5L	275.000000	550	0	0
SRSF6	274.500000	549	0	0
PALLD	273.500000	547	0	0
KMT5B	273.500000	547	0	0
CD81	273.000000	546	0	0
DNAJA1	272.500000	545	0	0
APTX	272.500000	545	0	0
RPS2	271.500000	543	0	0
PITRM1	270.500000	541	0	0
SLC38A2	269.000000	538	0	0
SLIT2	268.500000	537	0	0
ZFP36	268.000000	536	0	0
H4C3	267.500000	535	0	0
TPT1	266.000000	532	0	0
RPL3	266.000000	532	0	0
TRA2B	263.000000	526	0	0
PPDPF	263.000000	526	0	0
FTL	263.000000	526	0	0
STK17A	262.000000	524	0	0
POR	262.000000	524	0	0
LFNG	261.000000	522	0	0
DSP	259.500000	519	0	0
IFRD1	257.500000	515	0	0
HNRNPH1	257.500000	515	0	0
CEBPD	257.000000	514	0	0
RPL28	255.500000	511	0	0
PMAIP1	255.000000	510	0	0
ID3	255.000000	510	0	0
H4C12	253.500000	507	0	0
TACSTD2	252.500000	505	0	0
EEF1A1	252.500000	505	0	0
ZSWIM6	251.500000	503	0	0
SLC3A2	251.500000	503	0	0
NFKBIA	249.500000	499	0	0
CCN1	249.000000	498	0	0
KNTC1	247.500000	495	0	0
F2RL1	246.500000	493	0	0
ST14	246.000000	492	0	0
RPS27	246.000000	492	0	0
ARL4D	244.500000	489	0	0
TOB2	242.500000	485	0	0
CCNL1	241.500000	483	0	0
TTI2	240.000000	480	0	0
GNAS	240.000000	480	0	0
FLRT3	240.000000	480	0	0
CALR	240.000000	480	0	0
HNRNPA2B1	239.500000	479	0	0
CBX3	239.500000	479	0	0
LRPAP1	239.000000	478	0	0
BTG2	239.000000	478	0	0
DDX5	238.500000	477	0	0
EIF4G2	238.000000	476	0	0
HSPA8	237.500000	475	0	0
CIRBP	237.500000	475	0	0
RGPD2	236.500000	182	291	0
RGPD1	236.500000	182	291	0
RPS6	235.500000	471	0	0
CKS2	235.500000	471	0	0
AZIN1	234.000000	468	0	0
GTF2B	232.000000	464	0	0
NUFIP2	231.500000	463	0	0
DGAT1	231.500000	463	0	0
OAT	228.000000	456	0	0
NPM1	227.500000	455	0	0
H3-3A	227.500000	455	0	0
PTMA	226.500000	453	0	0
AFF1	226.500000	453	0	0
PHLDA2	225.000000	450	0	0
MYL6	225.000000	450	0	0
SLC1A5	224.500000	449	0	0
ANXA2	224.000000	448	0	0
PPP1R15A	222.500000	445	0	0
CEBPB	222.500000	445	0	0
ETF1	221.500000	443	0	0
ZFP36L1	220.500000	441	0	0
RGS2	220.500000	441	0	0
HSPA2	220.500000	441	0	0
TXNDC11	218.500000	437	0	0
EHD1	218.500000	437	0	0
NDEL1	218.000000	436	0	0
USP53	217.500000	435	0	0
RAP2B	217.500000	435	0	0
TUFT1	216.500000	433	0	0
DNAJB1	216.000000	432	0	0
C1orf116	215.000000	430	0	0
SGK1	214.000000	428	0	0
PLAG1	213.500000	427	0	0
CHCHD7	213.500000	427	0	0
VPS52	213.000000	426	0	0
RPS18	213.000000	426	0	0
EIF4A1	213.000000	426	0	0
KMT5C	212.000000	424	0	0
HSPA5	211.500000	423	0	0
ZNF143	211.000000	422	0	0
SESN2	211.000000	422	0	0
KLF7	211.000000	422	0	0
DAPP1	211.000000	422	0	0
H2AZ1	210.500000	421	0	0
RSRP1	210.000000	420	0	0
ABI1	210.000000	420	0	0
TUBB2A	209.500000	419	0	0
TMSB4X	209.500000	419	0	0
RPLP1	209.500000	419	0	0
CTNNB1	209.500000	419	0	0
AREG	207.000000	414	0	0
ADM	207.000000	414	0	0
YWHAZ	206.500000	413	0	0
KDM4A	206.500000	413	0	0
XPO5	206.000000	412	0	0
POLH	206.000000	412	0	0
KLHL21	206.000000	412	0	0
ZBTB37	205.500000	411	0	0
RCC1	205.500000	411	0	0
CEBPA	205.500000	411	0	0
S100A11	205.000000	410	0	0
RPL13A	205.000000	410	0	0
HES1	204.500000	409	0	0
BZW2	204.000000	408	0	0
ANKMY2	204.000000	408	0	0
SDE2	203.000000	406	0	0
DNAJC25-GNG10	202.500000	405	0	0
DNAJC25	202.500000	405	0	0
CALM2	202.000000	404	0	0
WDR1	201.500000	403	0	0
H4C2	201.000000	402	0	0
RASD1	200.500000	401	0	0
NFKBIZ	200.500000	401	0	0
TIPARP	200.000000	400	0	0
HLA-E	200.000000	400	0	0
TSC22D1	199.000000	398	0	0
POLDIP3	197.500000	395	0	0
SRRM1	197.000000	394	0	0
ID1	196.500000	393	0	0
ABLIM1	196.500000	393	0	0
MRPS18B	196.000000	392	0	0
GADD45A	195.500000	391	0	0
DYNLL2	194.500000	389	0	0
WASF2	192.500000	385	0	0
CSRNP2	192.500000	385	0	0
TRIB1	192.000000	384	0	0
PABPC4	191.500000	383	0	0
IRF6	191.500000	383	0	0
SERPINE1	190.500000	381	0	0
PNRC1	190.500000	381	0	0
HOMER1	190.500000	381	0	0
GLS	190.500000	381	0	0
CDH1	190.000000	380	0	0
KRT5	189.500000	379	0	0
EIF4A2	189.500000	379	0	0
ATP6V0C	189.500000	379	0	0
RPL10	189.000000	378	0	0
H4C4	188.500000	377	0	0
PNP	188.000000	376	0	0
PIEZO1	187.000000	374	0	0
MTRNR2L2	186.500000	253	120	0
ARF4	186.000000	372	0	0
PCF11	185.000000	370	0	0
CSRP2	185.000000	370	0	0
EPC1	184.000000	368	0	0
ARHGEF5	182.000000	364	0	0
LDHA	180.500000	361	0	0
CDKN2AIP	180.500000	361	0	0
DUSP5	180.000000	360	0	0
NRARP	179.500000	359	0	0
H1-0	179.500000	359	0	0
TRA2A	179.000000	358	0	0
METRNL	179.000000	358	0	0
H2BC4	179.000000	358	0	0
H2AC6	179.000000	358	0	0
USP1	178.500000	357	0	0
ADRB2	178.000000	356	0	0
PDLIM5	177.000000	354	0	0
MTRNR2L8	177.000000	253	101	0
KLF4	177.000000	354	0	0
SFPQ	176.000000	352	0	0
H2BC11	176.000000	352	0	0
H2AC11	176.000000	352	0	0
UGT1A6	175.500000	351	0	0
MAP1LC3B	175.500000	351	0	0
GNAI3	175.500000	351	0	0
FBXO31	175.500000	351	0	0
HNRNPA1	175.000000	350	0	0
FOS	175.000000	350	0	0
CBX5	175.000000	350	0	0
C15orf39	175.000000	350	0	0
SERP1	174.500000	349	0	0
MCL1	174.500000	349	0	0
KCTD5	174.500000	349	0	0
HNRNPC	174.500000	349	0	0
EIF2A	174.500000	349	0	0
PBLD	174.000000	348	0	0
HNRNPH3	174.000000	348	0	0
TAF15	173.500000	347	0	0
KITLG	173.500000	347	0	0
SRSF5	172.500000	345	0	0
MCU	172.500000	345	0	0
TM2D1	172.000000	344	0	0
RPL41	172.000000	344	0	0
ALDOA	171.500000	343	0	0
SERPINB5	171.000000	342	0	0
RND3	171.000000	342	0	0
CD55	171.000000	342	0	0
HMGA1	170.000000	340	0	0
H2BC21	170.000000	340	0	0
H2AC20	170.000000	340	0	0
MAGT1	169.500000	339	0	0
SBNO1	169.000000	338	0	0
RORA	168.500000	337	0	0
H1-2	168.500000	337	0	0
ITPR1	167.000000	334	0	0
PCK2	166.500000	333	0	0
NRL	166.500000	333	0	0
H4C11	166.500000	333	0	0
VCL	166.000000	332	0	0
FOSB	166.000000	332	0	0
SPSB1	165.500000	331	0	0
USP15	165.000000	330	0	0
RPL22L1	164.500000	329	0	0
H3C13	164.000000	328	0	0
RABGEF1	163.500000	327	0	0
LMNA	163.500000	327	0	0
CDC42	163.500000	327	0	0
MFSD2A	163.000000	326	0	0
FGFBP1	163.000000	326	0	0
ANXA1	163.000000	326	0	0
TBX3	162.500000	325	0	0
LMO4	161.500000	323	0	0
WNK1	161.000000	322	0	0
RCOR1	161.000000	322	0	0
IFFO2	161.000000	322	0	0
TNFRSF10D	160.500000	321	0	0
DDX3X	160.500000	321	0	0
P4HA1	160.000000	320	0	0
JUP	160.000000	320	0	0
EIF4A3	160.000000	320	0	0
TNS4	159.500000	319	0	0
RPL11	159.500000	319	0	0
MICALL2	159.500000	319	0	0
UBAP2	158.500000	317	0	0
CSNK1G3	158.500000	317	0	0
RBM15B	157.500000	315	0	0
BCL2L11	157.000000	314	0	0
TMEM138	156.500000	313	0	0
LUZP1	156.500000	313	0	0
H3C11	156.500000	313	0	0
CYB561A3	156.500000	313	0	0
PPIA	156.000000	312	0	0
KLF6	156.000000	312	0	0
EGR1	156.000000	312	0	0
RPS8	155.000000	310	0	0
EFNB1	155.000000	310	0	0
AVPI1	155.000000	310	0	0
PLEKHN1	154.500000	309	0	0
ATP5F1B	154.500000	309	0	0
TRAK1	154.000000	308	0	0
RELT	153.500000	307	0	0
PPIF	153.500000	307	0	0
HMGCS1	153.500000	307	0	0
EZR	152.500000	305	0	0
MAPK1IP1L	152.000000	304	0	0
PCBP2	151.500000	303	0	0
YTHDC1	150.500000	301	0	0
SERPINB2	150.500000	301	0	0
H4C5	150.500000	301	0	0
H3C3	150.500000	301	0	0
ZCCHC8	150.000000	300	0	0
NDUFAF3	150.000000	300	0	0
MFAP1	150.000000	300	0	0
KLF10	150.000000	300	0	0
DALRD3	150.000000	300	0	0
PKP1	149.500000	299	0	0
INTS6L	149.500000	299	0	0
AFG3L2	148.000000	296	0	0
TUBA4B	147.500000	295	0	0
TUBA4A	147.500000	295	0	0
NCL	147.500000	295	0	0
HAP1	147.000000	294	0	0
FAM160A1	147.000000	294	0	0
DSC3	147.000000	294	0	0
AHCY	147.000000	294	0	0
NOTCH2NLC	146.500000	293	0	0
NOTCH2NLA	146.500000	293	0	0
TUBA1C	146.000000	292	0	0
SBDS	146.000000	292	0	0
RPLP0	146.000000	292	0	0
GLUL	146.000000	292	0	0
AQP3	146.000000	292	0	0
RPS3A	145.500000	291	0	0
SIK1B	145.000000	290	0	0
SIK1	145.000000	290	0	0
ITPKC	145.000000	290	0	0
COQ8B	145.000000	290	0	0
CHD2	145.000000	290	0	0
TSC22D2	144.500000	289	0	0
FABP5	144.500000	289	0	0
ARRDC3	144.500000	289	0	0
CPEB2	144.000000	288	0	0
TPM4	143.500000	287	0	0
PUM2	143.500000	287	0	0
NRP2	143.500000	287	0	0
VAMP1	143.000000	286	0	0
RPL15	142.000000	284	0	0
NKIRAS1	142.000000	284	0	0
LRIF1	142.000000	284	0	0
H2AC21	141.000000	282	0	0
ELL2	140.500000	281	0	0
C12orf57	140.500000	281	0	0
WDR81	140.000000	280	0	0
NPL	139.500000	279	0	0
ANP32E	139.500000	279	0	0
RPS26	139.000000	278	0	0
SLC9A3R1	138.500000	277	0	0
RTN4	138.500000	277	0	0
RNPS1	138.500000	277	0	0
SFN	138.000000	276	0	0
OSER1	138.000000	276	0	0
MALT1	138.000000	276	0	0
LOC730098	138.000000	276	0	0
IRX2	137.500000	275	0	0
DNAJB4	137.500000	275	0	0
C5orf38	137.500000	275	0	0
SGMS2	137.000000	274	0	0
CHIC2	137.000000	274	0	0
STK40	136.500000	273	0	0
HSPA1L	136.500000	273	0	0
HSPA1A	136.500000	273	0	0
H3C10	136.500000	273	0	0
ANGPTL4	136.500000	273	0	0
SNRK	136.000000	272	0	0
RPS19	136.000000	272	0	0
DSTN	136.000000	272	0	0
BFSP1	136.000000	272	0	0
PLK3	135.500000	271	0	0
NOCT	135.500000	271	0	0
UBE2B	134.500000	269	0	0
CDKL3	134.500000	269	0	0
ZNF217	134.000000	268	0	0
PNRC2	134.000000	268	0	0
SOD1	133.500000	267	0	0
CDKN1C	133.500000	267	0	0
CCDC80	133.000000	266	0	0
TK1	132.500000	265	0	0
EDN1	132.500000	265	0	0
RNF141	132.000000	264	0	0
GOLGB1	132.000000	264	0	0
CFL1	132.000000	264	0	0
UGP2	131.500000	263	0	0
TP63	131.500000	263	0	0
TMOD3	131.500000	263	0	0
ITGA6	131.500000	263	0	0
P4HB	131.000000	262	0	0
DGKH	131.000000	262	0	0
DDIT3	131.000000	262	0	0
TUT7	130.500000	261	0	0
TPCN1	130.500000	261	0	0
TMSB10	130.500000	261	0	0
IQCD	130.500000	261	0	0
SOWAHC	130.000000	260	0	0
SEPTIN10	130.000000	260	0	0
PGAP2	130.000000	260	0	0
KMT2E	130.000000	260	0	0
FOXO3	130.000000	260	0	0
RPS28	129.000000	258	0	0
NDUFA7	129.000000	258	0	0
ARGLU1	128.500000	257	0	0
ACSL3	128.000000	256	0	0
TANK	127.500000	255	0	0
SLTM	127.500000	255	0	0
RBBP6	127.500000	255	0	0
PACSIN2	127.500000	255	0	0
OGDH	127.500000	255	0	0
CELF4	127.500000	255	0	0
SLC25A33	127.000000	254	0	0
PDCD6IP	127.000000	254	0	0
G3BP1	126.500000	253	0	0
ELOC	126.500000	253	0	0
NSRP1	126.000000	252	0	0
PTMS	125.500000	251	0	0
U2AF2	124.500000	249	0	0
SOCS3	124.500000	249	0	0
RPS23	124.000000	248	0	0
RPL17-C18orf32	124.000000	248	0	0
RPL17	124.000000	248	0	0
ETS2	124.000000	248	0	0
EMP1	124.000000	248	0	0
ATP6AP1L	124.000000	248	0	0
TSPAN4	123.500000	247	0	0
SUB1	123.500000	247	0	0
PUM1	123.500000	247	0	0
POLR2L	123.500000	247	0	0
CTDSP2	123.500000	247	0	0
SLC4A7	122.000000	244	0	0
S100A10	122.000000	244	0	0
PDLIM7	122.000000	244	0	0
CBX4	122.000000	244	0	0
BHLHE40	122.000000	244	0	0
SF1	121.500000	243	0	0
SLAIN2	121.000000	242	0	0
NCOA7	120.500000	241	0	0
TSPYL2	120.000000	240	0	0
TMIE	120.000000	240	0	0
SPHK2	120.000000	240	0	0
RPSA	120.000000	240	0	0
RPL18	120.000000	240	0	0
RBFOX2	120.000000	240	0	0
CSRNP1	120.000000	240	0	0
ALS2CL	120.000000	240	0	0
YWHAG	119.500000	239	0	0
UGCG	119.500000	239	0	0
SAV1	119.500000	239	0	0
PTP4A1	119.500000	239	0	0
SMIM4	119.000000	238	0	0
H2BC17	119.000000	238	0	0
H2AC17	119.000000	238	0	0
ARF6	119.000000	238	0	0
USP42	118.500000	237	0	0
TSC22D3	118.500000	237	0	0
HSPB1	118.000000	236	0	0
TNFRSF12A	117.500000	235	0	0
SEC31A	117.500000	235	0	0
LRP2BP	117.500000	235	0	0
ANKRD37	117.500000	235	0	0
MIDN	117.000000	234	0	0
DSG3	117.000000	234	0	0
IER3	116.500000	233	0	0
CHMP5	116.500000	233	0	0
BAG1	116.500000	233	0	0
SPAG9	116.000000	232	0	0
RPS15	116.000000	232	0	0
PDE4C	116.000000	232	0	0
KHDRBS3	116.000000	232	0	0
SRC	115.500000	231	0	0
RAB11FIP1	115.500000	231	0	0
FOXQ1	115.500000	231	0	0
KDM2A	115.000000	230	0	0
FKBP5	115.000000	230	0	0
UTP4	114.500000	229	0	0
UBE2H	114.500000	229	0	0
TARDBP	114.500000	229	0	0
MORC3	114.500000	229	0	0
FAM43A	114.500000	229	0	0
DERPC	114.500000	229	0	0
CHTF8	114.500000	229	0	0
CADM1	114.500000	229	0	0
HPS5	114.000000	228	0	0
GTF2H1	114.000000	228	0	0
MTA2	113.500000	227	0	0
BACH1	113.500000	227	0	0
ARIH1	113.500000	227	0	0
MYO1E	113.000000	226	0	0
ITGB1	112.000000	224	0	0
TM4SF1	111.500000	223	0	0
STRAP	111.500000	223	0	0
NDUFAF1	111.500000	223	0	0
GSTP1	111.500000	223	0	0
NARF	111.000000	222	0	0
MYC	111.000000	222	0	0
MPZL3	111.000000	222	0	0
BCAR3	111.000000	222	0	0
ATP1A1	111.000000	222	0	0
SRCAP	110.500000	221	0	0
LOC730183	110.500000	221	0	0
SREBF1	109.500000	219	0	0
PRPF4	109.500000	219	0	0
PITX2	109.500000	219	0	0
CDC26	109.500000	219	0	0
TRAF4	109.000000	218	0	0
GART	109.000000	218	0	0
CD24	109.000000	218	0	0
CORO1C	108.500000	217	0	0
PURB	108.000000	216	0	0
KRT14	107.500000	215	0	0
IL1A	107.500000	215	0	0
DOP1B	107.500000	215	0	0
PSME4	107.000000	214	0	0
MAP2K4	107.000000	214	0	0
IDS	107.000000	214	0	0
DDX60	107.000000	214	0	0
CALD1	107.000000	214	0	0
ACYP2	107.000000	214	0	0
MLXIP	106.500000	213	0	0
CTSB	106.500000	213	0	0
PKM	106.000000	212	0	0
H2BC12	106.000000	212	0	0
H2AC12	106.000000	212	0	0
CARNMT1	105.500000	211	0	0
TMEM41A	104.500000	209	0	0
RBMX	104.500000	209	0	0
NOP58	104.500000	209	0	0
ADD3	104.500000	209	0	0
STX12	104.000000	208	0	0
LRCH4	104.000000	208	0	0
HNRNPDL	104.000000	208	0	0
HNRNPA3	104.000000	208	0	0
FBXO24	104.000000	208	0	0
RBMXL1	103.500000	207	0	0
PRAG1	103.500000	207	0	0
KYAT3	103.500000	207	0	0
DHRS12	103.500000	207	0	0
PPP1R12C	103.000000	206	0	0
NOTCH1	103.000000	206	0	0
CFAP20DC	103.000000	206	0	0
TNRC6B	102.500000	205	0	0
NEDD4L	102.000000	204	0	0
HNRNPA0	102.000000	204	0	0
DYNLL1	102.000000	204	0	0
RPL27A	101.500000	203	0	0
IDI1	101.500000	203	0	0
TPM3	101.000000	202	0	0
RPL36	101.000000	202	0	0
CLIP1	101.000000	202	0	0
CHMP1B	101.000000	202	0	0
BPGM	101.000000	202	0	0
ZNF131	100.500000	201	0	0
LGALS3	100.500000	201	0	0
CEMIP2	100.500000	201	0	0
STK17B	100.000000	200	0	0
H1-3	100.000000	200	0	0
EPN2	100.000000	200	0	0
DEPP1	100.000000	200	0	0
PHACTR4	99.500000	199	0	0
EPHB3	99.500000	199	0	0
ATP1B3	99.500000	199	0	0
SLC25A16	99.000000	198	0	0
RPL32	99.000000	198	0	0
IRF2BP2	99.000000	198	0	0
SUN1	98.500000	197	0	0
PPP1R3E	98.500000	197	0	0
TTPAL	98.000000	196	0	0
RETSAT	98.000000	196	0	0
H2BC5	98.000000	196	0	0
EIF3J	98.000000	196	0	0
BCL6	97.500000	195	0	0
PPP2R2A	97.000000	194	0	0
MED20	97.000000	194	0	0
BYSL	97.000000	194	0	0
S100A14	96.500000	193	0	0
PPFIBP1	96.500000	193	0	0
MYH9	96.500000	193	0	0
MTHFD2	96.500000	193	0	0
HELZ2	96.500000	193	0	0
SRRM2	96.000000	192	0	0
RPS16	96.000000	192	0	0
RPL8	96.000000	192	0	0
LGMN	96.000000	192	0	0
DENND2C	96.000000	192	0	0
POU2F3	95.500000	191	0	0
EIF5	95.500000	191	0	0
ATL2	95.500000	191	0	0
USO1	95.000000	190	0	0
TXN	95.000000	190	0	0
TLE4	95.000000	190	0	0
H2BC18	95.000000	190	0	0
CDK16	95.000000	190	0	0
ADAMTS1	95.000000	190	0	0
RPS3	94.500000	189	0	0
KLF3	94.500000	189	0	0
B4GALT7	94.500000	189	0	0
TIMM44	94.000000	188	0	0
BCAS3	94.000000	188	0	0
GLO1	93.500000	187	0	0
DDX39B	93.500000	187	0	0
CREM	93.500000	187	0	0
USP36	93.000000	186	0	0
STAT2	93.000000	186	0	0
PAFAH1B1	93.000000	186	0	0
TMED5	92.500000	185	0	0
SLC35F5	92.500000	185	0	0
RPL36AL	92.500000	185	0	0
MGAT2	92.500000	185	0	0
CCDC18	92.500000	185	0	0
ATP2A2	92.500000	185	0	0
ARL4A	92.500000	185	0	0
ABHD16A	92.500000	185	0	0
TJP1	92.000000	184	0	0
MT1E	92.000000	184	0	0
HIF1A	92.000000	184	0	0
C16orf72	92.000000	184	0	0
NFX1	91.500000	183	0	0
GSK3B	91.500000	183	0	0
BCLAF1	91.500000	183	0	0
TTC23	91.000000	182	0	0
LRRC28	91.000000	182	0	0
SECISBP2	90.500000	181	0	0
MFSD14A	90.500000	181	0	0
MANBAL	90.500000	181	0	0
LUC7L3	90.500000	181	0	0
KRT15	90.500000	181	0	0
H2BC8	90.500000	181	0	0
H2AC8	90.500000	181	0	0
FEM1B	90.500000	181	0	0
FAM83B	90.500000	181	0	0
ZBTB43	90.000000	180	0	0
NET1	90.000000	180	0	0
FOSL2	90.000000	180	0	0
ATG16L2	90.000000	180	0	0
SLC16A3	89.500000	179	0	0
SKI	89.500000	179	0	0
OSMR	89.500000	179	0	0
EIF4G1	89.500000	179	0	0
SEC23B	89.000000	178	0	0
GGNBP2	89.000000	178	0	0
CCND2	89.000000	178	0	0
BLOC1S6	89.000000	178	0	0
ADIPOR1	89.000000	178	0	0
TSEN34	88.500000	177	0	0
SLC2A3	88.500000	177	0	0
MBOAT7	88.500000	177	0	0
GNAI2	88.500000	177	0	0
CYB5R1	88.500000	177	0	0
ZNF207	88.000000	176	0	0
UQCRC2	88.000000	176	0	0
SLFN5	88.000000	176	0	0
RPL19	88.000000	176	0	0
RLF	88.000000	176	0	0
IVNS1ABP	88.000000	176	0	0
F11R	88.000000	176	0	0
CYTH3	88.000000	176	0	0
BCL2L13	88.000000	176	0	0
ZNF335	87.500000	175	0	0
TMEM141	87.500000	175	0	0
TFAP2A	87.500000	175	0	0
PTBP1	87.500000	175	0	0
KCNG1	87.500000	175	0	0
SERTAD1	87.000000	174	0	0
OXSR1	87.000000	174	0	0
KRT19	87.000000	174	0	0
HBP1	87.000000	174	0	0
MAFA	86.500000	173	0	0
IRS2	86.500000	173	0	0
EGFR	86.500000	173	0	0
PPP1R14C	86.000000	172	0	0
KRT16	86.000000	172	0	0
CTNND1	86.000000	172	0	0
TCTA	85.500000	171	0	0
RHOA	85.500000	171	0	0
MACC1	85.500000	171	0	0
KDM4B	85.500000	171	0	0
FSTL3	85.500000	171	0	0
ATRIP	85.500000	171	0	0
RASSF5	85.000000	170	0	0
FTH1	85.000000	170	0	0
PNN	84.500000	169	0	0
DNAJC3	84.500000	169	0	0
ADIPOR2	84.500000	169	0	0
ADGRF4	84.500000	169	0	0
ABHD3	84.500000	169	0	0
SDCBP2	84.000000	168	0	0
POLG	84.000000	168	0	0
PDHX	84.000000	168	0	0
ESYT2	84.000000	168	0	0
APIP	84.000000	168	0	0
ZNF644	83.500000	167	0	0
USP40	83.500000	167	0	0
PELI1	83.500000	167	0	0
HERPUD2	83.500000	167	0	0
HDAC5	83.500000	167	0	0
EIF2S2	83.500000	167	0	0
C6orf132	83.500000	167	0	0
TAF12	83.000000	166	0	0
RAPGEFL1	83.000000	166	0	0
PIM1	83.000000	166	0	0
LACC1	83.000000	166	0	0
EFNA1	83.000000	166	0	0
CCDC122	83.000000	166	0	0
UBAP1	82.500000	165	0	0
TES	82.500000	165	0	0
H2BC3	82.500000	165	0	0
RAP1B	82.000000	164	0	0
NOTCH2	82.000000	164	0	0
KANSL2	82.000000	164	0	0
GPI	82.000000	164	0	0
UBE2Z	81.500000	163	0	0
SOX15	81.500000	163	0	0
SLC9B1	81.500000	163	0	0
PRNP	81.500000	163	0	0
MRPS17	81.500000	163	0	0
LAMA3	81.500000	163	0	0
EIF3B	81.500000	163	0	0
PRDM11	81.000000	162	0	0
NASP	81.000000	162	0	0
IQGAP1	81.000000	162	0	0
FBXW7	81.000000	162	0	0
DHX15	81.000000	162	0	0
YOD1	80.500000	161	0	0
TRIM28	80.500000	161	0	0
PFKFB2	80.500000	161	0	0
NUP133	80.500000	161	0	0
RPL9	80.000000	160	0	0
RPL10A	80.000000	160	0	0
PAF1	80.000000	160	0	0
LIAS	80.000000	160	0	0
HAS3	80.000000	160	0	0
YWHAH	79.500000	159	0	0
YWHAE	79.500000	159	0	0
SNAI1	79.500000	159	0	0
EEA1	79.500000	159	0	0
C12orf65	79.500000	159	0	0
PTPRK	79.000000	158	0	0
MLF2	79.000000	158	0	0
ITM2B	79.000000	158	0	0
ZC3H6	78.500000	157	0	0
TMBIM1	78.500000	157	0	0
SREBF2	78.500000	157	0	0
GALNT3	78.500000	157	0	0
CKB	78.500000	157	0	0
BIN3	78.500000	157	0	0
ALAS1	78.500000	157	0	0
S100A2	78.000000	156	0	0
RPL37A	78.000000	156	0	0
RIOK3	78.000000	156	0	0
PTPN1	78.000000	156	0	0
MMUT	78.000000	156	0	0
MBOAT2	78.000000	156	0	0
DSN1	78.000000	156	0	0
CENPQ	78.000000	156	0	0
RASA2	77.500000	155	0	0
PPOX	77.500000	155	0	0
HECTD4	77.500000	155	0	0
EIF1AX	77.500000	155	0	0
CLK1	77.500000	155	0	0
C11orf65	77.500000	155	0	0
PSMD8	77.000000	154	0	0
MAFF	77.000000	154	0	0
CLTC	77.000000	154	0	0
C1QTNF6	77.000000	154	0	0
ZKSCAN1	76.500000	153	0	0
TRIM25	76.500000	153	0	0
TFDP1	76.500000	153	0	0
HEXIM2	76.500000	153	0	0
ACSF2	76.500000	153	0	0
SEPTIN7	76.000000	152	0	0
RBM12	76.000000	152	0	0
PNPLA8	76.000000	152	0	0
MIIP	76.000000	152	0	0
LRRC37A3	76.000000	152	0	0
CPNE1	76.000000	152	0	0
CAPNS1	76.000000	152	0	0
BPHL	76.000000	152	0	0
TBL2	75.500000	151	0	0
RPL7A	75.500000	151	0	0
REL	75.500000	151	0	0
PPP2R2D	75.500000	151	0	0
OGFRL1	75.500000	151	0	0
MX1	75.500000	151	0	0
MED22	75.500000	151	0	0
SREK1IP1	75.000000	150	0	0
PHLDA1	75.000000	150	0	0
KRT6A	75.000000	150	0	0
JOSD1	75.000000	150	0	0
ELOB	75.000000	150	0	0
CWC27	75.000000	150	0	0
WDR47	74.500000	149	0	0
TAF1D	74.500000	149	0	0
SLC16A1	74.500000	149	0	0
SERF2	74.500000	149	0	0
SENP5	74.500000	149	0	0
RPS13	74.500000	149	0	0
RBX1	74.500000	149	0	0
KRT17	74.500000	149	0	0
KIF21A	74.500000	149	0	0
H2AC4	74.500000	149	0	0
CDIP1	74.500000	149	0	0
C11orf54	74.500000	149	0	0
XBP1	74.000000	148	0	0
UBA1	74.000000	148	0	0
TFCP2L1	74.000000	148	0	0
SLK	74.000000	148	0	0
RAB1A	74.000000	148	0	0
PLS3	74.000000	148	0	0
PHLDA3	74.000000	148	0	0
LDLR	74.000000	148	0	0
FAM177A1	74.000000	148	0	0
EPGN	74.000000	148	0	0
CNNM4	74.000000	148	0	0
UFL1	73.500000	147	0	0
TMEM199	73.500000	147	0	0
SMARCD3	73.500000	147	0	0
SDC1	73.500000	147	0	0
RPL13	73.500000	147	0	0
POLDIP2	73.500000	147	0	0
H2BU1	73.500000	147	0	0
H2AW	73.500000	147	0	0
CEBPG	73.500000	147	0	0
C5orf51	73.500000	147	0	0
POLR1F	73.000000	146	0	0
ATXN1L	73.000000	146	0	0
TMEM265	72.500000	145	0	0
THADA	72.500000	145	0	0
TAF8	72.500000	145	0	0
SELENOW	72.500000	145	0	0
RPS4X	72.500000	145	0	0
ME1	72.500000	145	0	0
MAP2	72.500000	145	0	0
IRF1	72.500000	145	0	0
DDX60L	72.500000	145	0	0
COX16	72.500000	145	0	0
CHD1	72.500000	145	0	0
ADARB1	72.500000	145	0	0
RFX1	72.000000	144	0	0
PSEN1	72.000000	144	0	0
MYO1B	72.000000	144	0	0
KATNBL1	72.000000	144	0	0
FBXO33	72.000000	144	0	0
F3	72.000000	144	0	0
CRLF3	72.000000	144	0	0
TUBB3	71.500000	143	0	0
TBC1D22A	71.500000	143	0	0
RNF11	71.500000	143	0	0
RND1	71.500000	143	0	0
RFX3	71.500000	143	0	0
DEGS1	71.500000	143	0	0
WSB1	71.000000	142	0	0
TOR1AIP2	71.000000	142	0	0
TM7SF2	71.000000	142	0	0
MYO10	71.000000	142	0	0
H3C4	71.000000	142	0	0
H2BC7	71.000000	142	0	0
H2AC7	71.000000	142	0	0
DLX1	71.000000	142	0	0
CCNC	71.000000	142	0	0
RPL26	70.500000	141	0	0
RABGGTB	70.500000	141	0	0
PSMB2	70.500000	141	0	0
OXCT1	70.500000	141	0	0
NSUN6	70.500000	141	0	0
MED26	70.500000	141	0	0
IRF9	70.500000	141	0	0
COX10	70.500000	141	0	0
ARL5B	70.500000	141	0	0
SOX7	70.000000	140	0	0
RPL18A	70.000000	140	0	0
PPP2R1A	70.000000	140	0	0
HSD17B12	70.000000	140	0	0
EXT1	70.000000	140	0	0
EXOSC9	70.000000	140	0	0
EIF3A	70.000000	140	0	0
PRPF40A	69.500000	139	0	0
EIF2D	69.500000	139	0	0
ARL6IP6	69.500000	139	0	0
XPO1	69.000000	138	0	0
WDFY2	69.000000	138	0	0
TMBIM6	69.000000	138	0	0
SLBP	69.000000	138	0	0
SERINC1	69.000000	138	0	0
PKIB	69.000000	138	0	0
MORF4L2	69.000000	138	0	0
MNT	69.000000	138	0	0
HEBP2	69.000000	138	0	0
DCP1A	69.000000	138	0	0
CNOT1	69.000000	138	0	0
UAP1	68.500000	137	0	0
SNX24	68.500000	137	0	0
SNRPB	68.500000	137	0	0
PRRC2B	68.500000	137	0	0
PKNOX1	68.500000	137	0	0
MRPL45	68.500000	137	0	0
MEIS1	68.500000	137	0	0
MAPK6	68.500000	137	0	0
IL1RN	68.500000	137	0	0
FLNB	68.500000	137	0	0
RPL39	68.000000	136	0	0
RNF220	68.000000	136	0	0
PLXNA3	68.000000	136	0	0
MTFMT	68.000000	136	0	0
FCHO2	68.000000	136	0	0
FAM200B	68.000000	136	0	0
CRK	68.000000	136	0	0
CPSF6	68.000000	136	0	0
ST7L	67.500000	135	0	0
SLC20A2	67.500000	135	0	0
RPL21	67.500000	135	0	0
RAC1	67.500000	135	0	0
RAB11A	67.500000	135	0	0
PHLDB2	67.500000	135	0	0
DLX5	67.500000	135	0	0
CAPZA1	67.500000	135	0	0
CAMTA1	67.500000	135	0	0
ZFYVE27	67.000000	134	0	0
VAV3	67.000000	134	0	0
SMIM14	67.000000	134	0	0
SAP30BP	67.000000	134	0	0
RECQL5	67.000000	134	0	0
PITHD1	67.000000	134	0	0
NSD3	67.000000	134	0	0
MAPKAPK2	67.000000	134	0	0
KPNA4	67.000000	134	0	0
KHDC4	67.000000	134	0	0
JDP2	67.000000	134	0	0
IFI6	67.000000	134	0	0
WEE1	66.500000	133	0	0
SPTSSA	66.500000	133	0	0
EDN2	66.500000	133	0	0
ATF1	66.500000	133	0	0
RPL38	66.000000	132	0	0
PEDS1-UBE2V1	66.000000	132	0	0
PEDS1	66.000000	132	0	0
NECTIN4	66.000000	132	0	0
H4C6	66.000000	132	0	0
GHITM	66.000000	132	0	0
GCLC	66.000000	132	0	0
ERN1	66.000000	132	0	0
CRYM	66.000000	132	0	0
TFRC	65.500000	131	0	0
TAX1BP1	65.500000	131	0	0
STK38	65.500000	131	0	0
SEMA3C	65.500000	131	0	0
SARAF	65.500000	131	0	0
RABGGTA	65.500000	131	0	0
HBEGF	65.500000	131	0	0
DESI2	65.500000	131	0	0
C19orf12	65.500000	131	0	0
AMOTL2	65.500000	131	0	0
TNFAIP1	65.000000	130	0	0
TMEM183A	65.000000	130	0	0
STX5	65.000000	130	0	0
LRRFIP1	65.000000	130	0	0
IFT20	65.000000	130	0	0
ASMTL	65.000000	130	0	0
ARHGEF35	65.000000	130	0	0
ZNF574	64.500000	129	0	0
SIK3	64.500000	129	0	0
RPL24	64.500000	129	0	0
PRDX2	64.500000	129	0	0
PCIF1	64.500000	129	0	0
CWC25	64.500000	129	0	0
TMCC3	64.000000	128	0	0
TIMM10B	64.000000	128	0	0
TBP	64.000000	128	0	0
SERINC5	64.000000	128	0	0
RPL6	64.000000	128	0	0
PTPN11	64.000000	128	0	0
PSMB1	64.000000	128	0	0
PMPCA	64.000000	128	0	0
ENTR1	64.000000	128	0	0
C9orf72	64.000000	128	0	0
BRSK2	64.000000	128	0	0
ATP10D	64.000000	128	0	0
ARFIP2	64.000000	128	0	0
AKAP13	64.000000	128	0	0
TLE3	63.500000	127	0	0
RAD23A	63.500000	127	0	0
MSMO1	63.500000	127	0	0
DDX6	63.500000	127	0	0
C14orf119	63.500000	127	0	0
ACIN1	63.500000	127	0	0
ZNF750	63.000000	126	0	0
UBE2D3	63.000000	126	0	0
SLC30A6	63.000000	126	0	0
RCE1	63.000000	126	0	0
PBRM1	63.000000	126	0	0
GNL3	63.000000	126	0	0
ETV3	63.000000	126	0	0
DNTTIP2	63.000000	126	0	0
RIPK2	62.500000	125	0	0
NECTIN1	62.500000	125	0	0
MAF	62.500000	125	0	0
IMPDH2	62.500000	125	0	0
GUK1	62.500000	125	0	0
FGFR3	62.500000	125	0	0
ARHGEF7	62.500000	125	0	0
ZMYM1	62.000000	124	0	0
VASP	62.000000	124	0	0
TMEM80	62.000000	124	0	0
SMC5	62.000000	124	0	0
HDAC9	62.000000	124	0	0
DEAF1	62.000000	124	0	0
DDX3Y	62.000000	124	0	0
CD9	62.000000	124	0	0
ASPH	62.000000	124	0	0
SYNCRIP	61.500000	123	0	0
SLC7A1	61.500000	123	0	0
RHOD	61.500000	123	0	0
TENT5C	61.000000	122	0	0
SLC25A28	61.000000	122	0	0
PPP3CB	61.000000	122	0	0
NSFL1C	61.000000	122	0	0
MKRN2	61.000000	122	0	0
H2AC16	61.000000	122	0	0
DLC1	61.000000	122	0	0
RPP14	60.500000	121	0	0
RAB38	60.500000	121	0	0
HTD2	60.500000	121	0	0
DHX9	60.500000	121	0	0
RNH1	60.000000	120	0	0
PHF20	60.000000	120	0	0
LAP3	60.000000	120	0	0
IP6K2	60.000000	120	0	0
HNRNPU	60.000000	120	0	0
DUSP6	60.000000	120	0	0
ZC3H4	59.500000	119	0	0
TSPAN31	59.500000	119	0	0
TEAD1	59.500000	119	0	0
RNF144B	59.500000	119	0	0
PRMT1	59.500000	119	0	0
LAMTOR1	59.500000	119	0	0
GPNMB	59.500000	119	0	0
CHMP3	59.500000	119	0	0
CDH24	59.500000	119	0	0
PCNX4	59.000000	118	0	0
IWS1	59.000000	118	0	0
HES2	59.000000	118	0	0
GJA1	59.000000	118	0	0
EIF3D	59.000000	118	0	0
RERE	58.500000	117	0	0
RBM14-RBM4	58.500000	117	0	0
RBM14	58.500000	117	0	0
PISD	58.500000	117	0	0
FEM1C	58.500000	117	0	0
CYP51A1	58.500000	117	0	0
C4orf3	58.500000	117	0	0
RPS10-NUDT3	58.000000	116	0	0
RPS10	58.000000	116	0	0
RPL7	58.000000	116	0	0
RDH10	58.000000	116	0	0
NUDT15	58.000000	116	0	0
ETNK1	58.000000	116	0	0
ADK	58.000000	116	0	0
UBOX5	57.500000	115	0	0
THOC1	57.500000	115	0	0
SLC12A2	57.500000	115	0	0
RPL31	57.500000	115	0	0
PLSCR1	57.500000	115	0	0
LIN7C	57.500000	115	0	0
HERC3	57.500000	115	0	0
FASTKD5	57.500000	115	0	0
TANC1	57.000000	114	0	0
TAGLN2	57.000000	114	0	0
SESN3	57.000000	114	0	0
RSL1D1	57.000000	114	0	0
HPS1	57.000000	114	0	0
ERV3-1-ZNF117	57.000000	114	0	0
ERV3-1	57.000000	114	0	0
CYP4F11	57.000000	0	114	0
CSNK1A1	57.000000	114	0	0
TMEM69	56.500000	113	0	0
IQCH	56.500000	113	0	0
GPBP1L1	56.500000	113	0	0
DNAJC27	56.500000	113	0	0
AAGAB	56.500000	113	0	0
ZZEF1	56.000000	112	0	0
TRMT10C	56.000000	112	0	0
STXBP3	56.000000	112	0	0
SLC25A4	56.000000	112	0	0
RUNX1	56.000000	112	0	0
RPL36A-HNRNPH2	56.000000	112	0	0
RPL36A	56.000000	112	0	0
EEF1AKMT2	56.000000	112	0	0
DIPK2A	56.000000	112	0	0
CYB5D2	56.000000	112	0	0
BTK	56.000000	112	0	0
BTBD1	56.000000	112	0	0
BCL10	56.000000	112	0	0
B4GALT4	56.000000	112	0	0
SRSF1	55.500000	111	0	0
NPC1	55.500000	111	0	0
IRF7	55.500000	111	0	0
IQANK1	55.500000	111	0	0
FKBP9	55.500000	111	0	0
FAM83H	55.500000	111	0	0
ATP13A3	55.500000	111	0	0
TOP1	55.000000	110	0	0
SUMF1	55.000000	110	0	0
SLC39A14	55.000000	110	0	0
SLC25A3	55.000000	110	0	0
SEPHS2	55.000000	110	0	0
RPP21	55.000000	110	0	0
RNF43	55.000000	110	0	0
EIF2AK2	55.000000	110	0	0
CLTA	55.000000	110	0	0
BZW1	54.500000	109	0	0
AKIRIN1	54.500000	109	0	0
SYCE2	54.000000	108	0	0
RPL5	54.000000	108	0	0
PUF60	54.000000	108	0	0
INTS5	54.000000	108	0	0
GOT1	54.000000	108	0	0
FBXO34	54.000000	108	0	0
DLX3	54.000000	108	0	0
CPA4	54.000000	108	0	0
CACYBP	54.000000	108	0	0
BMP2	54.000000	108	0	0
ZNF92	53.500000	107	0	0
ZC3H11A	53.500000	107	0	0
SMIM19	53.500000	107	0	0
ODC1	53.500000	107	0	0
DRAP1	53.500000	107	0	0
C11orf68	53.500000	107	0	0
TPMT	53.000000	106	0	0
PIBF1	53.000000	106	0	0
PCBP1	53.000000	106	0	0
KDM1B	53.000000	106	0	0
DIS3	53.000000	106	0	0
UBAP2L	52.500000	105	0	0
LGALSL	52.500000	105	0	0
FER	52.500000	105	0	0
DCAF8	52.500000	105	0	0
CREBBP	52.500000	105	0	0
C1orf43	52.500000	105	0	0
ATP2B1	52.500000	105	0	0
ARAP2	52.500000	105	0	0
PRMT3	52.000000	104	0	0
PNPLA2	52.000000	104	0	0
PARP2	52.000000	104	0	0
NUP214	52.000000	104	0	0
VPS37B	51.500000	103	0	0
TMEM259	51.500000	103	0	0
SNX16	51.500000	0	103	0
SEC62	51.500000	103	0	0
EPHA2	51.500000	103	0	0
ZNF254	51.000000	102	0	0
TICAM1	51.000000	102	0	0
THBS1	51.000000	102	0	0
SYNGR2	51.000000	102	0	0
SCFD1	51.000000	102	0	0
PXDC1	51.000000	102	0	0
YME1L1	50.500000	101	0	0
VPS4B	50.500000	101	0	0
SERPINB8	50.500000	101	0	0
NANS	50.500000	101	0	0
GAREM1	50.500000	101	0	0
ERCC4	50.500000	101	0	0
DRAM1	50.500000	101	0	0
DIAPH1	50.500000	101	0	0
ANAPC15	50.500000	101	0	0
SOCS6	50.000000	100	0	0
SLC39A10	50.000000	100	0	0
PIGA	50.000000	100	0	0
C21orf91	50.000000	100	0	0
TARS1	49.500000	99	0	0
GCDH	49.500000	99	0	0
SLC7A11	49.000000	98	0	0
PPP1R12A	49.000000	98	0	0
MARK2	49.000000	98	0	0
ZWILCH	48.500000	97	0	0
UBLCP1	48.500000	97	0	0
UBL3	48.500000	97	0	0
TERF2IP	48.500000	97	0	0
SIAH2	48.500000	97	0	0
RPL4	48.500000	97	0	0
KARS1	48.500000	97	0	0
TTC17	48.000000	96	0	0
MMAA	48.000000	96	0	0
ZNF598	47.500000	95	0	0
TLNRD1	47.000000	94	0	0
PRKN	46.500000	93	0	0
PACRG	46.500000	93	0	0
LRRFIP2	46.500000	93	0	0
WAC	46.000000	92	0	0
SMAD2	46.000000	92	0	0
RNASEH1	46.000000	92	0	0
PPARD	46.000000	92	0	0
DDX42	46.000000	92	0	0
CCDC47	46.000000	92	0	0
PARP9	45.500000	91	0	0
IGSF8	45.500000	91	0	0
DTX3L	45.500000	91	0	0
CNP	45.500000	91	0	0
CCDC6	45.500000	91	0	0
AASDH	45.500000	91	0	0
PPRC1	45.000000	90	0	0
JMJD1C	45.000000	90	0	0
ZNF706	44.500000	89	0	0
PSMA1	44.500000	89	0	0
RPL23	44.000000	88	0	0
LRRC57	44.000000	88	0	0
HAUS2	44.000000	88	0	0
NME7	43.500000	87	0	0
H4C8	43.500000	87	0	0
DDI2	43.500000	87	0	0
BLZF1	43.500000	87	0	0
SIK2	43.000000	86	0	0
PTPN23	43.000000	86	0	0
XRN1	42.500000	85	0	0
TMEM181	42.500000	85	0	0
SPTLC1	42.500000	85	0	0
PPP2CB	42.500000	85	0	0
NUP153	42.500000	85	0	0
NCKAP1	42.500000	85	0	0
MOCS3	42.500000	85	0	0
DPM1	42.500000	85	0	0
COA6	42.500000	85	0	0
TJP2	42.000000	84	0	0
RXRA	42.000000	84	0	0
PPP1R2	42.000000	84	0	0
MBD2	42.000000	84	0	0
ESCO1	42.000000	84	0	0
COBLL1	42.000000	84	0	0
TNFAIP3	41.500000	83	0	0
DONSON	41.500000	83	0	0
SLPI	40.500000	81	0	0
PRORP	40.500000	81	0	0
PPP2R3C	40.500000	81	0	0
CREG1	40.500000	81	0	0
SEC24C	40.000000	80	0	0
ZNF721	39.000000	78	0	0
PIGG	39.000000	78	0	0
SDHC	38.000000	76	0	0
KLK8	37.500000	75	0	0
ICE2	37.500000	75	0	0
C4orf36	37.500000	75	0	0
PRDM4	37.000000	74	0	0
GDI2	36.500000	73	0	0
TGIF1	36.000000	72	0	0
CRIM1	36.000000	72	0	0
ARPC1A	35.500000	71	0	0
CAST	34.500000	69	0	0
UBE2V2	33.500000	67	0	0
CHKB	33.000000	66	0	0
SERINC3	32.000000	64	0	0
RNF139	30.500000	61	0	0
CLDN4	30.500000	61	0	0
CDC27	30.500000	61	0	0
